ID,Nom,Département
22001,ALLINEUC,COTES_D_ARMOR
22002,ANDEL,COTES_D_ARMOR
22003,AUCALEUC,COTES_D_ARMOR
22004,BEGARD,COTES_D_ARMOR
22005,BELLE-ISLE-EN-TERRE,COTES_D_ARMOR
22006,BERHET,COTES_D_ARMOR
22008,BOBITAL,COTES_D_ARMOR
22009,LE BODEO,COTES_D_ARMOR
22011,BOQUEHO,COTES_D_ARMOR
22012,LA BOUILLIE,COTES_D_ARMOR
22013,BOURBRIAC,COTES_D_ARMOR
22014,BOURSEUL,COTES_D_ARMOR
22015,BREHAND,COTES_D_ARMOR
22016,ILE-DE-BREHAT,COTES_D_ARMOR
22018,BRELIDY,COTES_D_ARMOR
22019,BRINGOLO,COTES_D_ARMOR
22020,BROONS,COTES_D_ARMOR
22021,BRUSVILY,COTES_D_ARMOR
22023,BULAT-PESTIVIEN,COTES_D_ARMOR
22024,CALANHEL,COTES_D_ARMOR
22025,CALLAC,COTES_D_ARMOR
22026,CALORGUEN,COTES_D_ARMOR
22027,LE CAMBOUT,COTES_D_ARMOR
22028,CAMLEZ,COTES_D_ARMOR
22029,CANIHUEL,COTES_D_ARMOR
22030,CAOUENNEC-LANVEZEAC,COTES_D_ARMOR
22031,CARNOET,COTES_D_ARMOR
22032,CAULNES,COTES_D_ARMOR
22033,CAUREL,COTES_D_ARMOR
22034,CAVAN,COTES_D_ARMOR
22035,LES CHAMPS-GERAUX,COTES_D_ARMOR
22036,LA CHAPELLE-BLANCHE,COTES_D_ARMOR
22037,LA CHAPELLE-NEUVE,COTES_D_ARMOR
22039,LA CHEZE,COTES_D_ARMOR
22040,COADOUT,COTES_D_ARMOR
22041,COATASCORN,COTES_D_ARMOR
22042,COATREVEN,COTES_D_ARMOR
22043,COETLOGON,COTES_D_ARMOR
22044,COETMIEUX,COTES_D_ARMOR
22045,COHINIAC,COTES_D_ARMOR
22046,LE MENE,COTES_D_ARMOR
22047,CORLAY,COTES_D_ARMOR
22048,CORSEUL,COTES_D_ARMOR
22049,CREHEN,COTES_D_ARMOR
22050,DINAN,COTES_D_ARMOR
22052,DUAULT,COTES_D_ARMOR
22053,EREAC,COTES_D_ARMOR
22054,ERQUY,COTES_D_ARMOR
22055,BINIC-ETABLES-SUR-MER,COTES_D_ARMOR
22056,EVRAN,COTES_D_ARMOR
22057,LE FAOUET,COTES_D_ARMOR
22059,LE FŒIL,COTES_D_ARMOR
22060,GAUSSON,COTES_D_ARMOR
22061,GLOMEL,COTES_D_ARMOR
22062,GOMENE,COTES_D_ARMOR
22063,GOMMENEC'H,COTES_D_ARMOR
22064,GOUAREC,COTES_D_ARMOR
22065,GOUDELIN,COTES_D_ARMOR
22067,GRACES,COTES_D_ARMOR
22068,GRACE-UZEL,COTES_D_ARMOR
22069,GUENROC,COTES_D_ARMOR
22070,GUINGAMP,COTES_D_ARMOR
22071,GUITTE,COTES_D_ARMOR
22072,GURUNHUEL,COTES_D_ARMOR
22073,LA HARMOYE,COTES_D_ARMOR
22074,LE HAUT-CORLAY,COTES_D_ARMOR
22075,HEMONSTOIR,COTES_D_ARMOR
22076,HENANBIHEN,COTES_D_ARMOR
22077,HENANSAL,COTES_D_ARMOR
22079,HENON,COTES_D_ARMOR
22081,HILLION,COTES_D_ARMOR
22082,LE HINGLE,COTES_D_ARMOR
22083,ILLIFAUT,COTES_D_ARMOR
22084,JUGON-LES-LACS - COMMUNE NOUVELLE,COTES_D_ARMOR
22085,KERBORS,COTES_D_ARMOR
22086,KERFOT,COTES_D_ARMOR
22087,KERGRIST-MOELOU,COTES_D_ARMOR
22088,KERIEN,COTES_D_ARMOR
22090,KERMARIA-SULARD,COTES_D_ARMOR
22091,KERMOROC'H,COTES_D_ARMOR
22092,KERPERT,COTES_D_ARMOR
22093,LAMBALLE-ARMOR,COTES_D_ARMOR
22094,LANCIEUX,COTES_D_ARMOR
22095,LANDEBAERON,COTES_D_ARMOR
22096,LANDEBIA,COTES_D_ARMOR
22097,LA LANDEC,COTES_D_ARMOR
22098,LANDEHEN,COTES_D_ARMOR
22099,LANFAINS,COTES_D_ARMOR
22101,LANGOAT,COTES_D_ARMOR
22103,LANGROLAY-SUR-RANCE,COTES_D_ARMOR
22104,LANGUEDIAS,COTES_D_ARMOR
22105,LANGUENAN,COTES_D_ARMOR
22106,LANGUEUX,COTES_D_ARMOR
22107,BON REPOS SUR BLAVET,COTES_D_ARMOR
22108,LANLEFF,COTES_D_ARMOR
22109,LANLOUP,COTES_D_ARMOR
22110,LANMERIN,COTES_D_ARMOR
22111,LANMODEZ,COTES_D_ARMOR
22112,LANNEBERT,COTES_D_ARMOR
22113,LANNION,COTES_D_ARMOR
22114,LANRELAS,COTES_D_ARMOR
22115,LANRIVAIN,COTES_D_ARMOR
22116,LANRODEC,COTES_D_ARMOR
22117,LANTIC,COTES_D_ARMOR
22118,LANVALLAY,COTES_D_ARMOR
22119,LANVELLEC,COTES_D_ARMOR
22121,LANVOLLON,COTES_D_ARMOR
22122,LAURENAN,COTES_D_ARMOR
22124,LESCOUET-GOUAREC,COTES_D_ARMOR
22126,LE LESLAY,COTES_D_ARMOR
22127,LEZARDRIEUX,COTES_D_ARMOR
22128,LOCARN,COTES_D_ARMOR
22129,LOC-ENVEL,COTES_D_ARMOR
22131,LOGUIVY-PLOUGRAS,COTES_D_ARMOR
22132,LOHUEC,COTES_D_ARMOR
22133,LOSCOUET-SUR-MEU,COTES_D_ARMOR
22134,LOUANNEC,COTES_D_ARMOR
22135,LOUARGAT,COTES_D_ARMOR
22136,LOUDEAC,COTES_D_ARMOR
22137,MAEL-CARHAIX,COTES_D_ARMOR
22138,MAEL-PESTIVIEN,COTES_D_ARMOR
22139,MAGOAR,COTES_D_ARMOR
22140,LA MALHOURE,COTES_D_ARMOR
22141,MANTALLOT,COTES_D_ARMOR
22143,MATIGNON,COTES_D_ARMOR
22144,LA MEAUGON,COTES_D_ARMOR
22145,MEGRIT,COTES_D_ARMOR
22146,MELLIONNEC,COTES_D_ARMOR
22147,MERDRIGNAC,COTES_D_ARMOR
22148,MERILLAC,COTES_D_ARMOR
22149,MERLEAC,COTES_D_ARMOR
22150,LE MERZER,COTES_D_ARMOR
22152,MINIHY-TREGUIER,COTES_D_ARMOR
22153,MONCONTOUR,COTES_D_ARMOR
22155,LA MOTTE,COTES_D_ARMOR
22156,MOUSTERU,COTES_D_ARMOR
22157,LE MOUSTOIR,COTES_D_ARMOR
22158,GUERLEDAN,COTES_D_ARMOR
22160,NOYAL,COTES_D_ARMOR
22161,PABU,COTES_D_ARMOR
22162,PAIMPOL,COTES_D_ARMOR
22163,PAULE,COTES_D_ARMOR
22164,PEDERNEC,COTES_D_ARMOR
22165,PENGUILY,COTES_D_ARMOR
22166,PENVENAN,COTES_D_ARMOR
22168,PERROS-GUIREC,COTES_D_ARMOR
22169,PEUMERIT-QUINTIN,COTES_D_ARMOR
22170,PLAINE-HAUTE,COTES_D_ARMOR
22171,PLAINTEL,COTES_D_ARMOR
22172,PLANCOET,COTES_D_ARMOR
22174,PLEBOULLE,COTES_D_ARMOR
22175,PLEDELIAC,COTES_D_ARMOR
22176,PLEDRAN,COTES_D_ARMOR
22177,PLEGUIEN,COTES_D_ARMOR
22178,PLEHEDEL,COTES_D_ARMOR
22179,FREHEL,COTES_D_ARMOR
22180,PLELAN-LE-PETIT,COTES_D_ARMOR
22181,PLELAUFF,COTES_D_ARMOR
22182,PLELO,COTES_D_ARMOR
22183,PLEMET,COTES_D_ARMOR
22184,PLEMY,COTES_D_ARMOR
22185,PLENEE-JUGON,COTES_D_ARMOR
22186,PLENEUF-VAL-ANDRE,COTES_D_ARMOR
22187,PLERIN,COTES_D_ARMOR
22188,PLERNEUF,COTES_D_ARMOR
22189,PLESIDY,COTES_D_ARMOR
22190,PLESLIN-TRIGAVOU,COTES_D_ARMOR
22193,PLESTAN,COTES_D_ARMOR
22194,PLESTIN-LES-GREVES,COTES_D_ARMOR
22195,PLEUBIAN,COTES_D_ARMOR
22196,PLEUDANIEL,COTES_D_ARMOR
22197,PLEUDIHEN-SUR-RANCE,COTES_D_ARMOR
22198,PLEUMEUR-BODOU,COTES_D_ARMOR
22199,PLEUMEUR-GAUTIER,COTES_D_ARMOR
22200,PLEVEN,COTES_D_ARMOR
22201,PLEVENON,COTES_D_ARMOR
22202,PLEVIN,COTES_D_ARMOR
22203,PLŒUC-L'HERMITAGE,COTES_D_ARMOR
22204,PLOEZAL,COTES_D_ARMOR
22205,PLOREC-SUR-ARGUENON,COTES_D_ARMOR
22206,CHATELAUDREN-PLOUAGAT,COTES_D_ARMOR
22207,PLOUARET,COTES_D_ARMOR
22208,PLOUASNE,COTES_D_ARMOR
22209,BEAUSSAIS-SUR-MER,COTES_D_ARMOR
22210,PLOUBAZLANEC,COTES_D_ARMOR
22211,PLOUBEZRE,COTES_D_ARMOR
22212,PLOUEC-DU-TRIEUX,COTES_D_ARMOR
22213,PLOUER-SUR-RANCE,COTES_D_ARMOR
22214,PLOUEZEC,COTES_D_ARMOR
22215,PLOUFRAGAN,COTES_D_ARMOR
22216,PLOUGONVER,COTES_D_ARMOR
22217,PLOUGRAS,COTES_D_ARMOR
22218,PLOUGRESCANT,COTES_D_ARMOR
22219,PLOUGUENAST-LANGAST,COTES_D_ARMOR
22220,PLOUGUERNEVEL,COTES_D_ARMOR
22221,PLOUGUIEL,COTES_D_ARMOR
22222,PLOUHA,COTES_D_ARMOR
22223,PLOUISY,COTES_D_ARMOR
22224,PLOULEC'H,COTES_D_ARMOR
22225,PLOUMAGOAR,COTES_D_ARMOR
22226,PLOUMILLIAU,COTES_D_ARMOR
22227,PLOUNERIN,COTES_D_ARMOR
22228,PLOUNEVEZ-MOEDEC,COTES_D_ARMOR
22229,PLOUNEVEZ-QUINTIN,COTES_D_ARMOR
22231,PLOURAC'H,COTES_D_ARMOR
22232,PLOURHAN,COTES_D_ARMOR
22233,PLOURIVO,COTES_D_ARMOR
22234,PLOUVARA,COTES_D_ARMOR
22235,PLOUZELAMBRE,COTES_D_ARMOR
22236,PLUDUAL,COTES_D_ARMOR
22237,PLUDUNO,COTES_D_ARMOR
22238,PLUFUR,COTES_D_ARMOR
22239,PLUMAUDAN,COTES_D_ARMOR
22240,PLUMAUGAT,COTES_D_ARMOR
22241,PLUMIEUX,COTES_D_ARMOR
22242,PLURIEN,COTES_D_ARMOR
22243,PLUSQUELLEC,COTES_D_ARMOR
22244,PLUSSULIEN,COTES_D_ARMOR
22245,PLUZUNET,COTES_D_ARMOR
22246,POMMERET,COTES_D_ARMOR
22248,POMMERIT-LE-VICOMTE,COTES_D_ARMOR
22249,PONT-MELVEZ,COTES_D_ARMOR
22250,PONTRIEUX,COTES_D_ARMOR
22251,PORDIC,COTES_D_ARMOR
22254,PRAT,COTES_D_ARMOR
22255,LA PRENESSAYE,COTES_D_ARMOR
22256,QUEMPER-GUEZENNEC,COTES_D_ARMOR
22257,QUEMPERVEN,COTES_D_ARMOR
22258,QUESSOY,COTES_D_ARMOR
22259,QUEVERT,COTES_D_ARMOR
22260,LE QUILLIO,COTES_D_ARMOR
22261,QUINTENIC,COTES_D_ARMOR
22262,QUINTIN,COTES_D_ARMOR
22263,LE QUIOU,COTES_D_ARMOR
22264,LA ROCHE-JAUDY,COTES_D_ARMOR
22265,ROSPEZ,COTES_D_ARMOR
22266,ROSTRENEN,COTES_D_ARMOR
22267,ROUILLAC,COTES_D_ARMOR
22268,RUCA,COTES_D_ARMOR
22269,RUNAN,COTES_D_ARMOR
22271,SAINT-ADRIEN,COTES_D_ARMOR
22272,SAINT-AGATHON,COTES_D_ARMOR
22273,SAINT-ALBAN,COTES_D_ARMOR
22274,SAINT-ANDRE-DES-EAUX,COTES_D_ARMOR
22275,SAINT-BARNABE,COTES_D_ARMOR
22276,SAINT-BIHY,COTES_D_ARMOR
22277,SAINT-BRANDAN,COTES_D_ARMOR
22278,SAINT-BRIEUC,COTES_D_ARMOR
22279,SAINT-CARADEC,COTES_D_ARMOR
22280,SAINT-CARNE,COTES_D_ARMOR
22281,SAINT-CARREUC,COTES_D_ARMOR
22282,SAINT-CAST-LE-GUILDO,COTES_D_ARMOR
22283,SAINT-CLET,COTES_D_ARMOR
22284,SAINT-CONNAN,COTES_D_ARMOR
22285,SAINT-CONNEC,COTES_D_ARMOR
22286,SAINT-DENOUAL,COTES_D_ARMOR
22287,SAINT-DONAN,COTES_D_ARMOR
22288,SAINT-ETIENNE-DU-GUE-DE-L'ISLE,COTES_D_ARMOR
22289,SAINT-FIACRE,COTES_D_ARMOR
22291,SAINT-GILDAS,COTES_D_ARMOR
22293,SAINT-GILLES-LES-BOIS,COTES_D_ARMOR
22294,SAINT-GILLES-PLIGEAUX,COTES_D_ARMOR
22295,SAINT-GILLES-VIEUX-MARCHE,COTES_D_ARMOR
22296,SAINT-GLEN,COTES_D_ARMOR
22299,SAINT-HELEN,COTES_D_ARMOR
22300,SAINT-HERVE,COTES_D_ARMOR
22302,SAINT-JACUT-DE-LA-MER,COTES_D_ARMOR
22304,SAINT-JEAN-KERDANIEL,COTES_D_ARMOR
22305,SAINT-JOUAN-DE-L'ISLE,COTES_D_ARMOR
22306,SAINT-JUDOCE,COTES_D_ARMOR
22307,SAINT-JULIEN,COTES_D_ARMOR
22308,SAINT-JUVAT,COTES_D_ARMOR
22309,SAINT-LAUNEUC,COTES_D_ARMOR
22310,SAINT-LAURENT,COTES_D_ARMOR
22311,SAINT-LORMEL,COTES_D_ARMOR
22312,SAINT-MADEN,COTES_D_ARMOR
22313,SAINT-MARTIN-DES-PRES,COTES_D_ARMOR
22314,SAINT-MAUDAN,COTES_D_ARMOR
22315,SAINT-MAUDEZ,COTES_D_ARMOR
22316,SAINT-MAYEUX,COTES_D_ARMOR
22317,SAINT-MELOIR-DES-BOIS,COTES_D_ARMOR
22318,SAINT-MICHEL-DE-PLELAN,COTES_D_ARMOR
22319,SAINT-MICHEL-EN-GREVE,COTES_D_ARMOR
22320,SAINT-NICODEME,COTES_D_ARMOR
22321,SAINT-NICOLAS-DU-PELEM,COTES_D_ARMOR
22322,SAINT-PEVER,COTES_D_ARMOR
22323,SAINT-POTAN,COTES_D_ARMOR
22324,SAINT-QUAY-PERROS,COTES_D_ARMOR
22325,SAINT-QUAY-PORTRIEUX,COTES_D_ARMOR
22326,SAINT-RIEUL,COTES_D_ARMOR
22327,SAINT-SAMSON-SUR-RANCE,COTES_D_ARMOR
22328,SAINT-SERVAIS,COTES_D_ARMOR
22330,SAINT-THELO,COTES_D_ARMOR
22331,SAINTE-TREPHINE,COTES_D_ARMOR
22332,SAINT-TRIMOEL,COTES_D_ARMOR
22333,SAINT-VRAN,COTES_D_ARMOR
22334,SAINT-IGEAUX,COTES_D_ARMOR
22335,SENVEN-LEHART,COTES_D_ARMOR
22337,SEVIGNAC,COTES_D_ARMOR
22338,SQUIFFIEC,COTES_D_ARMOR
22339,TADEN,COTES_D_ARMOR
22340,TONQUEDEC,COTES_D_ARMOR
22341,TRAMAIN,COTES_D_ARMOR
22342,TREBEDAN,COTES_D_ARMOR
22343,TREBEURDEN,COTES_D_ARMOR
22344,TREBRIVAN,COTES_D_ARMOR
22345,TREBRY,COTES_D_ARMOR
22346,TREDANIEL,COTES_D_ARMOR
22347,TREDARZEC,COTES_D_ARMOR
22348,TREDIAS,COTES_D_ARMOR
22349,TREDREZ-LOCQUEMEAU,COTES_D_ARMOR
22350,TREDUDER,COTES_D_ARMOR
22351,TREFFRIN,COTES_D_ARMOR
22352,TREFUMEL,COTES_D_ARMOR
22353,TREGASTEL,COTES_D_ARMOR
22354,TREGLAMUS,COTES_D_ARMOR
22356,TREGOMEUR,COTES_D_ARMOR
22358,TREGONNEAU,COTES_D_ARMOR
22359,TREGROM,COTES_D_ARMOR
22360,TREGUEUX,COTES_D_ARMOR
22361,TREGUIDEL,COTES_D_ARMOR
22362,TREGUIER,COTES_D_ARMOR
22363,TRELEVERN,COTES_D_ARMOR
22364,TRELIVAN,COTES_D_ARMOR
22365,TREMARGAT,COTES_D_ARMOR
22366,TREMEL,COTES_D_ARMOR
22368,TREMEREUC,COTES_D_ARMOR
22369,TREMEUR,COTES_D_ARMOR
22370,TREMEVEN,COTES_D_ARMOR
22371,TREMOREL,COTES_D_ARMOR
22372,TREMUSON,COTES_D_ARMOR
22373,TREOGAN,COTES_D_ARMOR
22375,TRESSIGNAUX,COTES_D_ARMOR
22376,TREVE,COTES_D_ARMOR
22377,TREVENEUC,COTES_D_ARMOR
22378,TREVEREC,COTES_D_ARMOR
22379,TREVOU-TREGUIGNEC,COTES_D_ARMOR
22380,TREVRON,COTES_D_ARMOR
22381,TREZENY,COTES_D_ARMOR
22383,TROGUERY,COTES_D_ARMOR
22384,UZEL,COTES_D_ARMOR
22385,LA VICOMTE-SUR-RANCE,COTES_D_ARMOR
22386,LE VIEUX-BOURG,COTES_D_ARMOR
22387,LE VIEUX-MARCHE,COTES_D_ARMOR
22388,VILDE-GUINGALAN,COTES_D_ARMOR
22389,YFFINIAC,COTES_D_ARMOR
22390,YVIAS,COTES_D_ARMOR
22391,YVIGNAC-LA-TOUR,COTES_D_ARMOR
29001,ARGOL,FINISTERE
29002,ARZANO,FINISTERE
29003,AUDIERNE,FINISTERE
29004,BANNALEC,FINISTERE
29005,BAYE,FINISTERE
29006,BENODET,FINISTERE
29007,BERRIEN,FINISTERE
29008,BEUZEC-CAP-SIZUN,FINISTERE
29010,BODILIS,FINISTERE
29011,BOHARS,FINISTERE
29012,BOLAZEC,FINISTERE
29013,BOTMEUR,FINISTERE
29014,BOTSORHEL,FINISTERE
29015,BOURG-BLANC,FINISTERE
29016,BRASPARTS,FINISTERE
29017,BRELES,FINISTERE
29018,BRENNILIS,FINISTERE
29019,BREST,FINISTERE
29020,BRIEC,FINISTERE
29021,PLOUNEOUR-BRIGNOGAN-PLAGES,FINISTERE
29022,CAMARET-SUR-MER,FINISTERE
29023,CARANTEC,FINISTERE
29024,CARHAIX-PLOUGUER,FINISTERE
29025,CAST,FINISTERE
29026,CHATEAULIN,FINISTERE
29027,CHATEAUNEUF-DU-FAOU,FINISTERE
29028,CLEDEN-CAP-SIZUN,FINISTERE
29029,CLEDEN-POHER,FINISTERE
29030,CLEDER,FINISTERE
29031,CLOHARS-CARNOET,FINISTERE
29032,CLOHARS-FOUESNANT,FINISTERE
29033,LE CLOITRE-PLEYBEN,FINISTERE
29034,LE CLOITRE-SAINT-THEGONNEC,FINISTERE
29035,COAT-MEAL,FINISTERE
29036,COLLOREC,FINISTERE
29037,COMBRIT,FINISTERE
29038,COMMANA,FINISTERE
29039,CONCARNEAU,FINISTERE
29040,LE CONQUET,FINISTERE
29041,CORAY,FINISTERE
29042,CROZON,FINISTERE
29043,DAOULAS,FINISTERE
29044,DINEAULT,FINISTERE
29045,DIRINON,FINISTERE
29046,DOUARNENEZ,FINISTERE
29047,LE DRENNEC,FINISTERE
29048,EDERN,FINISTERE
29049,ELLIANT,FINISTERE
29051,ERGUE-GABERIC,FINISTERE
29053,LE FAOU,FINISTERE
29054,LA FEUILLEE,FINISTERE
29055,LE FOLGOET,FINISTERE
29056,LA FOREST-LANDERNEAU,FINISTERE
29057,LA FORET-FOUESNANT,FINISTERE
29058,FOUESNANT,FINISTERE
29059,GARLAN,FINISTERE
29060,GOUESNACH,FINISTERE
29061,GOUESNOU,FINISTERE
29062,GOUEZEC,FINISTERE
29063,GOULIEN,FINISTERE
29064,GOULVEN,FINISTERE
29065,GOURLIZON,FINISTERE
29066,GUENGAT,FINISTERE
29067,GUERLESQUIN,FINISTERE
29068,GUICLAN,FINISTERE
29069,GUILERS,FINISTERE
29070,GUILER-SUR-GOYEN,FINISTERE
29071,GUILLIGOMARC'H,FINISTERE
29072,GUILVINEC,FINISTERE
29073,GUIMAEC,FINISTERE
29074,GUIMILIAU,FINISTERE
29075,GUIPAVAS,FINISTERE
29076,MILIZAC-GUIPRONVEL,FINISTERE
29077,GUISSENY,FINISTERE
29078,HANVEC,FINISTERE
29079,HENVIC,FINISTERE
29080,HOPITAL-CAMFROUT,FINISTERE
29081,HUELGOAT,FINISTERE
29082,ILE-DE-BATZ,FINISTERE
29083,ILE-DE-SEIN,FINISTERE
29084,ILE-MOLENE,FINISTERE
29085,ILE-TUDY,FINISTERE
29086,IRVILLAC,FINISTERE
29087,LE JUCH,FINISTERE
29089,KERGLOFF,FINISTERE
29090,KERLAZ,FINISTERE
29091,KERLOUAN,FINISTERE
29093,KERNILIS,FINISTERE
29094,KERNOUES,FINISTERE
29095,KERSAINT-PLABENNEC,FINISTERE
29097,LAMPAUL-GUIMILIAU,FINISTERE
29098,LAMPAUL-PLOUARZEL,FINISTERE
29099,LAMPAUL-PLOUDALMEZEAU,FINISTERE
29100,LANARVILY,FINISTERE
29101,LANDEDA,FINISTERE
29102,LANDELEAU,FINISTERE
29103,LANDERNEAU,FINISTERE
29104,LANDEVENNEC,FINISTERE
29105,LANDIVISIAU,FINISTERE
29106,LANDREVARZEC,FINISTERE
29107,LANDUDAL,FINISTERE
29108,LANDUDEC,FINISTERE
29109,LANDUNVEZ,FINISTERE
29110,LANGOLEN,FINISTERE
29111,LANHOUARNEAU,FINISTERE
29112,LANILDUT,FINISTERE
29113,LANMEUR,FINISTERE
29114,LANNEANOU,FINISTERE
29115,LANNEDERN,FINISTERE
29116,LANNEUFFRET,FINISTERE
29117,LANNILIS,FINISTERE
29119,LANRIVOARE,FINISTERE
29120,LANVEOC,FINISTERE
29122,LAZ,FINISTERE
29123,LENNON,FINISTERE
29124,LESNEVEN,FINISTERE
29125,LEUHAN,FINISTERE
29126,LOC-BREVALAIRE,FINISTERE
29128,LOC-EGUINER,FINISTERE
29130,LOCMARIA-PLOUZANE,FINISTERE
29131,LOCMELAR,FINISTERE
29132,LOCQUENOLE,FINISTERE
29133,LOCQUIREC,FINISTERE
29134,LOCRONAN,FINISTERE
29135,LOCTUDY,FINISTERE
29136,LOCUNOLE,FINISTERE
29137,LOGONNA-DAOULAS,FINISTERE
29139,LOPEREC,FINISTERE
29140,LOPERHET,FINISTERE
29141,LOQUEFFRET,FINISTERE
29142,LOTHEY,FINISTERE
29143,MAHALON,FINISTERE
29144,LA MARTYRE,FINISTERE
29145,CONFORT-MEILARS,FINISTERE
29146,MELGVEN,FINISTERE
29147,MELLAC,FINISTERE
29148,MESPAUL,FINISTERE
29150,MOELAN-SUR-MER,FINISTERE
29151,MORLAIX,FINISTERE
29152,MOTREFF,FINISTERE
29153,NEVEZ,FINISTERE
29155,OUESSANT,FINISTERE
29156,PENCRAN,FINISTERE
29158,PENMARCH,FINISTERE
29159,PEUMERIT,FINISTERE
29160,PLABENNEC,FINISTERE
29161,PLEUVEN,FINISTERE
29162,PLEYBEN,FINISTERE
29163,PLEYBER-CHRIST,FINISTERE
29165,PLOBANNALEC-LESCONIL,FINISTERE
29166,PLOEVEN,FINISTERE
29167,PLOGASTEL-SAINT-GERMAIN,FINISTERE
29168,PLOGOFF,FINISTERE
29169,PLOGONNEC,FINISTERE
29170,PLOMELIN,FINISTERE
29171,PLOMEUR,FINISTERE
29172,PLOMODIERN,FINISTERE
29173,PLONEIS,FINISTERE
29174,PLONEOUR-LANVERN,FINISTERE
29175,PLONEVEZ-DU-FAOU,FINISTERE
29176,PLONEVEZ-PORZAY,FINISTERE
29177,PLOUARZEL,FINISTERE
29178,PLOUDALMEZEAU,FINISTERE
29179,PLOUDANIEL,FINISTERE
29180,PLOUDIRY,FINISTERE
29181,PLOUEDERN,FINISTERE
29182,PLOUEGAT-GUERAND,FINISTERE
29183,PLOUEGAT-MOYSAN,FINISTERE
29184,PLOUENAN,FINISTERE
29185,PLOUESCAT,FINISTERE
29186,PLOUEZOC'H,FINISTERE
29187,PLOUGAR,FINISTERE
29188,PLOUGASNOU,FINISTERE
29189,PLOUGASTEL-DAOULAS,FINISTERE
29190,PLOUGONVELIN,FINISTERE
29191,PLOUGONVEN,FINISTERE
29192,PLOUGOULM,FINISTERE
29193,PLOUGOURVEST,FINISTERE
29195,PLOUGUERNEAU,FINISTERE
29196,PLOUGUIN,FINISTERE
29197,PLOUHINEC,FINISTERE
29198,PLOUIDER,FINISTERE
29199,PLOUIGNEAU,FINISTERE
29201,PLOUMOGUER,FINISTERE
29202,PLOUNEOUR-MENEZ,FINISTERE
29204,PLOUNEVENTER,FINISTERE
29205,PLOUNEVEZEL,FINISTERE
29206,PLOUNEVEZ-LOCHRIST,FINISTERE
29207,PLOURIN-LES-MORLAIX,FINISTERE
29208,PLOURIN,FINISTERE
29209,PLOUVIEN,FINISTERE
29210,PLOUVORN,FINISTERE
29211,PLOUYE,FINISTERE
29212,PLOUZANE,FINISTERE
29213,PLOUZEVEDE,FINISTERE
29214,PLOVAN,FINISTERE
29215,PLOZEVET,FINISTERE
29216,PLUGUFFAN,FINISTERE
29217,PONT-AVEN,FINISTERE
29218,PONT-CROIX,FINISTERE
29220,PONT-L'ABBE,FINISTERE
29221,PORSPODER,FINISTERE
29222,PORT-LAUNAY,FINISTERE
29224,POULDERGAT,FINISTERE
29225,POULDREUZIC,FINISTERE
29226,POULLAN-SUR-MER,FINISTERE
29227,POULLAOUEN,FINISTERE
29228,PRIMELIN,FINISTERE
29229,QUEMENEVEN,FINISTERE
29230,QUERRIEN,FINISTERE
29232,QUIMPER,FINISTERE
29233,QUIMPERLE,FINISTERE
29234,REDENE,FINISTERE
29235,LE RELECQ-KERHUON,FINISTERE
29236,RIEC-SUR-BELON,FINISTERE
29237,LA ROCHE-MAURICE,FINISTERE
29238,ROSCANVEL,FINISTERE
29239,ROSCOFF,FINISTERE
29240,ROSNOEN,FINISTERE
29241,ROSPORDEN,FINISTERE
29243,SAINT-COULITZ,FINISTERE
29244,SAINT-DERRIEN,FINISTERE
29245,SAINT-DIVY,FINISTERE
29246,SAINT-ELOY,FINISTERE
29247,SAINT-EVARZEC,FINISTERE
29248,SAINT-FREGANT,FINISTERE
29249,SAINT-GOAZEC,FINISTERE
29250,SAINT-HERNIN,FINISTERE
29251,SAINT-JEAN-DU-DOIGT,FINISTERE
29252,SAINT-JEAN-TROLIMON,FINISTERE
29254,SAINT-MARTIN-DES-CHAMPS,FINISTERE
29255,SAINT-MEEN,FINISTERE
29256,SAINT-NIC,FINISTERE
29257,SAINT-PABU,FINISTERE
29259,SAINT-POL-DE-LEON,FINISTERE
29260,SAINT-RENAN,FINISTERE
29261,SAINT-RIVOAL,FINISTERE
29262,SAINT-SAUVEUR,FINISTERE
29263,SAINT-SEGAL,FINISTERE
29264,SAINT-SERVAIS,FINISTERE
29265,SAINTE-SEVE,FINISTERE
29266,SAINT-THEGONNEC LOC-EGUINER,FINISTERE
29267,SAINT-THOIS,FINISTERE
29268,SAINT-THONAN,FINISTERE
29269,SAINT-THURIEN,FINISTERE
29270,SAINT-URBAIN,FINISTERE
29271,SAINT-VOUGAY,FINISTERE
29272,SAINT-YVI,FINISTERE
29273,SANTEC,FINISTERE
29274,SCAER,FINISTERE
29275,SCRIGNAC,FINISTERE
29276,SIBIRIL,FINISTERE
29277,SIZUN,FINISTERE
29278,SPEZET,FINISTERE
29279,TAULE,FINISTERE
29280,TELGRUC-SUR-MER,FINISTERE
29281,TOURCH,FINISTERE
29282,TREBABU,FINISTERE
29284,TREFFIAGAT,FINISTERE
29285,TREFLAOUENAN,FINISTERE
29286,TREFLEVENEZ,FINISTERE
29287,TREFLEZ,FINISTERE
29288,TREGARANTEC,FINISTERE
29289,TREGARVAN,FINISTERE
29290,TREGLONOU,FINISTERE
29291,TREGOUREZ,FINISTERE
29292,TREGUENNEC,FINISTERE
29293,TREGUNC,FINISTERE
29294,LE TREHOU,FINISTERE
29295,TREMAOUEZAN,FINISTERE
29296,TREMEOC,FINISTERE
29297,TREMEVEN,FINISTERE
29298,TREOGAT,FINISTERE
29299,TREOUERGAT,FINISTERE
29300,LE TREVOUX,FINISTERE
29301,TREZILIDE,FINISTERE
29302,PONT-DE-BUIS-LES-QUIMERCH,FINISTERE
35001,ACIGNE,ILLE_ET_VILAINE
35002,AMANLIS,ILLE_ET_VILAINE
35003,ANDOUILLE-NEUVILLE,ILLE_ET_VILAINE
35004,VAL-COUESNON,ILLE_ET_VILAINE
35005,ARBRISSEL,ILLE_ET_VILAINE
35006,ARGENTRE-DU-PLESSIS,ILLE_ET_VILAINE
35007,AUBIGNE,ILLE_ET_VILAINE
35008,AVAILLES-SUR-SEICHE,ILLE_ET_VILAINE
35009,BAGUER-MORVAN,ILLE_ET_VILAINE
35010,BAGUER-PICAN,ILLE_ET_VILAINE
35012,BAIN-DE-BRETAGNE,ILLE_ET_VILAINE
35013,BAINS-SUR-OUST,ILLE_ET_VILAINE
35014,BAIS,ILLE_ET_VILAINE
35015,BALAZE,ILLE_ET_VILAINE
35016,BAULON,ILLE_ET_VILAINE
35017,LA BAUSSAINE,ILLE_ET_VILAINE
35018,LA BAZOUGE-DU-DESERT,ILLE_ET_VILAINE
35019,BAZOUGES-LA-PEROUSE,ILLE_ET_VILAINE
35021,BEAUCE,ILLE_ET_VILAINE
35022,BECHEREL,ILLE_ET_VILAINE
35023,BEDEE,ILLE_ET_VILAINE
35024,BETTON,ILLE_ET_VILAINE
35025,BILLE,ILLE_ET_VILAINE
35026,BLERUAIS,ILLE_ET_VILAINE
35027,BOISGERVILLY,ILLE_ET_VILAINE
35028,BOISTRUDAN,ILLE_ET_VILAINE
35029,BONNEMAIN,ILLE_ET_VILAINE
35030,LA BOSSE-DE-BRETAGNE,ILLE_ET_VILAINE
35031,LA BOUEXIERE,ILLE_ET_VILAINE
35032,BOURGBARRE,ILLE_ET_VILAINE
35033,BOURG-DES-COMPTES,ILLE_ET_VILAINE
35034,LA BOUSSAC,ILLE_ET_VILAINE
35035,BOVEL,ILLE_ET_VILAINE
35037,BREAL-SOUS-MONTFORT,ILLE_ET_VILAINE
35038,BREAL-SOUS-VITRE,ILLE_ET_VILAINE
35039,BRECE,ILLE_ET_VILAINE
35040,BRETEIL,ILLE_ET_VILAINE
35041,BRIE,ILLE_ET_VILAINE
35042,BRIELLES,ILLE_ET_VILAINE
35044,BROUALAN,ILLE_ET_VILAINE
35045,BRUC-SUR-AFF,ILLE_ET_VILAINE
35046,LES BRULAIS,ILLE_ET_VILAINE
35047,BRUZ,ILLE_ET_VILAINE
35049,CANCALE,ILLE_ET_VILAINE
35050,CARDROC,ILLE_ET_VILAINE
35051,CESSON-SEVIGNE,ILLE_ET_VILAINE
35052,CHAMPEAUX,ILLE_ET_VILAINE
35054,CHANTELOUP,ILLE_ET_VILAINE
35055,CHANTEPIE,ILLE_ET_VILAINE
35056,LA CHAPELLE-AUX-FILTZMEENS,ILLE_ET_VILAINE
35057,LA CHAPELLE-BOUEXIC,ILLE_ET_VILAINE
35058,LA CHAPELLE-CHAUSSEE,ILLE_ET_VILAINE
35059,LA CHAPELLE-DES-FOUGERETZ,ILLE_ET_VILAINE
35060,LA CHAPELLE DU LOU DU LAC,ILLE_ET_VILAINE
35061,LA CHAPELLE-ERBREE,ILLE_ET_VILAINE
35062,LA CHAPELLE-JANSON,ILLE_ET_VILAINE
35063,LA CHAPELLE-SAINT-AUBERT,ILLE_ET_VILAINE
35064,LA CHAPELLE-DE-BRAIN,ILLE_ET_VILAINE
35065,LA CHAPELLE-THOUARAULT,ILLE_ET_VILAINE
35066,CHARTRES-DE-BRETAGNE,ILLE_ET_VILAINE
35067,CHASNE-SUR-ILLET,ILLE_ET_VILAINE
35068,CHATEAUBOURG,ILLE_ET_VILAINE
35069,CHATEAUGIRON,ILLE_ET_VILAINE
35070,CHATEAUNEUF-D'ILLE-ET-VILAINE,ILLE_ET_VILAINE
35071,LE CHATELLIER,ILLE_ET_VILAINE
35072,CHATILLON-EN-VENDELAIS,ILLE_ET_VILAINE
35075,CHAUVIGNE,ILLE_ET_VILAINE
35076,CHAVAGNE,ILLE_ET_VILAINE
35077,CHELUN,ILLE_ET_VILAINE
35078,CHERRUEIX,ILLE_ET_VILAINE
35079,CHEVAIGNE,ILLE_ET_VILAINE
35080,CINTRE,ILLE_ET_VILAINE
35081,CLAYES,ILLE_ET_VILAINE
35082,COESMES,ILLE_ET_VILAINE
35084,COMBLESSAC,ILLE_ET_VILAINE
35085,COMBOURG,ILLE_ET_VILAINE
35086,COMBOURTILLE,ILLE_ET_VILAINE
35087,CORNILLE,ILLE_ET_VILAINE
35088,CORPS-NUDS,ILLE_ET_VILAINE
35089,LA COUYERE,ILLE_ET_VILAINE
35090,CREVIN,ILLE_ET_VILAINE
35091,LE CROUAIS,ILLE_ET_VILAINE
35092,CUGUEN,ILLE_ET_VILAINE
35093,DINARD,ILLE_ET_VILAINE
35094,DINGE,ILLE_ET_VILAINE
35095,DOL-DE-BRETAGNE,ILLE_ET_VILAINE
35096,DOMAGNE,ILLE_ET_VILAINE
35097,DOMALAIN,ILLE_ET_VILAINE
35098,LA DOMINELAIS,ILLE_ET_VILAINE
35099,DOMLOUP,ILLE_ET_VILAINE
35101,DOURDAIN,ILLE_ET_VILAINE
35102,DROUGES,ILLE_ET_VILAINE
35103,EANCE,ILLE_ET_VILAINE
35104,EPINIAC,ILLE_ET_VILAINE
35105,ERBREE,ILLE_ET_VILAINE
35106,ERCE-EN-LAMEE,ILLE_ET_VILAINE
35107,ERCE-PRES-LIFFRE,ILLE_ET_VILAINE
35108,ESSE,ILLE_ET_VILAINE
35109,ETRELLES,ILLE_ET_VILAINE
35110,FEINS,ILLE_ET_VILAINE
35111,LE FERRE,ILLE_ET_VILAINE
35112,FLEURIGNE,ILLE_ET_VILAINE
35114,FORGES-LA-FORET,ILLE_ET_VILAINE
35115,FOUGERES,ILLE_ET_VILAINE
35116,LA FRESNAIS,ILLE_ET_VILAINE
35117,GAEL,ILLE_ET_VILAINE
35118,GAHARD,ILLE_ET_VILAINE
35119,GENNES-SUR-SEICHE,ILLE_ET_VILAINE
35120,GEVEZE,ILLE_ET_VILAINE
35121,GOSNE,ILLE_ET_VILAINE
35122,LA GOUESNIERE,ILLE_ET_VILAINE
35123,GOVEN,ILLE_ET_VILAINE
35124,GRAND-FOUGERAY,ILLE_ET_VILAINE
35125,LA GUERCHE-DE-BRETAGNE,ILLE_ET_VILAINE
35126,GUICHEN,ILLE_ET_VILAINE
35127,GUIGNEN,ILLE_ET_VILAINE
35128,GUIPEL,ILLE_ET_VILAINE
35130,HEDE-BAZOUGES,ILLE_ET_VILAINE
35131,L'HERMITAGE,ILLE_ET_VILAINE
35132,HIREL,ILLE_ET_VILAINE
35133,IFFENDIC,ILLE_ET_VILAINE
35134,LES IFFS,ILLE_ET_VILAINE
35135,IRODOUER,ILLE_ET_VILAINE
35136,JANZE,ILLE_ET_VILAINE
35137,JAVENE,ILLE_ET_VILAINE
35138,LAIGNELET,ILLE_ET_VILAINE
35139,LAILLE,ILLE_ET_VILAINE
35140,LALLEU,ILLE_ET_VILAINE
35141,LANDAVRAN,ILLE_ET_VILAINE
35142,LANDEAN,ILLE_ET_VILAINE
35143,LANDUJAN,ILLE_ET_VILAINE
35144,LANGAN,ILLE_ET_VILAINE
35145,LANGON,ILLE_ET_VILAINE
35146,LANGOUET,ILLE_ET_VILAINE
35148,LANRIGAN,ILLE_ET_VILAINE
35149,LASSY,ILLE_ET_VILAINE
35150,LECOUSSE,ILLE_ET_VILAINE
35151,LIEURON,ILLE_ET_VILAINE
35152,LIFFRE,ILLE_ET_VILAINE
35153,LILLEMER,ILLE_ET_VILAINE
35154,LIVRE-SUR-CHANGEON,ILLE_ET_VILAINE
35155,LOHEAC,ILLE_ET_VILAINE
35156,LONGAULNAY,ILLE_ET_VILAINE
35157,LE LOROUX,ILLE_ET_VILAINE
35159,LOURMAIS,ILLE_ET_VILAINE
35160,LOUTEHEL,ILLE_ET_VILAINE
35161,LOUVIGNE-DE-BAIS,ILLE_ET_VILAINE
35162,LOUVIGNE-DU-DESERT,ILLE_ET_VILAINE
35163,LUITRE-DOMPIERRE,ILLE_ET_VILAINE
35164,MARCILLE-RAOUL,ILLE_ET_VILAINE
35165,MARCILLE-ROBERT,ILLE_ET_VILAINE
35166,MARPIRE,ILLE_ET_VILAINE
35167,MARTIGNE-FERCHAUD,ILLE_ET_VILAINE
35168,VAL D'ANAST,ILLE_ET_VILAINE
35169,MAXENT,ILLE_ET_VILAINE
35170,MECE,ILLE_ET_VILAINE
35171,MEDREAC,ILLE_ET_VILAINE
35172,MEILLAC,ILLE_ET_VILAINE
35173,MELESSE,ILLE_ET_VILAINE
35174,MELLE,ILLE_ET_VILAINE
35175,MERNEL,ILLE_ET_VILAINE
35176,GUIPRY-MESSAC,ILLE_ET_VILAINE
35177,LA MEZIERE,ILLE_ET_VILAINE
35178,MEZIERES-SUR-COUESNON,ILLE_ET_VILAINE
35179,MINIAC-MORVAN,ILLE_ET_VILAINE
35180,MINIAC-SOUS-BECHEREL,ILLE_ET_VILAINE
35181,LE MINIHIC-SUR-RANCE,ILLE_ET_VILAINE
35183,MONDEVERT,ILLE_ET_VILAINE
35184,MONTAUBAN-DE-BRETAGNE,ILLE_ET_VILAINE
35185,MONTAUTOUR,ILLE_ET_VILAINE
35186,MONT-DOL,ILLE_ET_VILAINE
35187,MONTERFIL,ILLE_ET_VILAINE
35188,MONTFORT-SUR-MEU,ILLE_ET_VILAINE
35189,MONTGERMONT,ILLE_ET_VILAINE
35190,MONTHAULT,ILLE_ET_VILAINE
35191,LES PORTES DU COGLAIS,ILLE_ET_VILAINE
35192,MONTREUIL-DES-LANDES,ILLE_ET_VILAINE
35193,MONTREUIL-LE-GAST,ILLE_ET_VILAINE
35194,MONTREUIL-SOUS-PEROUSE,ILLE_ET_VILAINE
35195,MONTREUIL-SUR-ILLE,ILLE_ET_VILAINE
35196,MORDELLES,ILLE_ET_VILAINE
35197,MOUAZE,ILLE_ET_VILAINE
35198,MOULINS,ILLE_ET_VILAINE
35199,MOUSSE,ILLE_ET_VILAINE
35200,MOUTIERS,ILLE_ET_VILAINE
35201,MUEL,ILLE_ET_VILAINE
35202,LA NOE-BLANCHE,ILLE_ET_VILAINE
35203,LA NOUAYE,ILLE_ET_VILAINE
35204,NOUVOITOU,ILLE_ET_VILAINE
35205,NOYAL-SOUS-BAZOUGES,ILLE_ET_VILAINE
35206,NOYAL-CHATILLON-SUR-SEICHE,ILLE_ET_VILAINE
35207,NOYAL-SUR-VILAINE,ILLE_ET_VILAINE
35208,ORGERES,ILLE_ET_VILAINE
35210,PACE,ILLE_ET_VILAINE
35211,PAIMPONT,ILLE_ET_VILAINE
35212,PANCE,ILLE_ET_VILAINE
35214,PARCE,ILLE_ET_VILAINE
35215,PARIGNE,ILLE_ET_VILAINE
35216,PARTHENAY-DE-BRETAGNE,ILLE_ET_VILAINE
35217,LE PERTRE,ILLE_ET_VILAINE
35218,LE PETIT-FOUGERAY,ILLE_ET_VILAINE
35219,PIPRIAC,ILLE_ET_VILAINE
35220,PIRE-CHANCE,ILLE_ET_VILAINE
35221,PLECHATEL,ILLE_ET_VILAINE
35222,PLEINE-FOUGERES,ILLE_ET_VILAINE
35223,PLELAN-LE-GRAND,ILLE_ET_VILAINE
35224,PLERGUER,ILLE_ET_VILAINE
35225,PLESDER,ILLE_ET_VILAINE
35226,PLEUGUENEUC,ILLE_ET_VILAINE
35227,PLEUMELEUC,ILLE_ET_VILAINE
35228,PLEURTUIT,ILLE_ET_VILAINE
35229,POCE-LES-BOIS,ILLE_ET_VILAINE
35230,POILLEY,ILLE_ET_VILAINE
35231,POLIGNE,ILLE_ET_VILAINE
35232,PRINCE,ILLE_ET_VILAINE
35233,QUEBRIAC,ILLE_ET_VILAINE
35234,QUEDILLAC,ILLE_ET_VILAINE
35235,RANNEE,ILLE_ET_VILAINE
35236,REDON,ILLE_ET_VILAINE
35237,RENAC,ILLE_ET_VILAINE
35238,RENNES,ILLE_ET_VILAINE
35239,RETIERS,ILLE_ET_VILAINE
35240,LE RHEU,ILLE_ET_VILAINE
35241,LA RICHARDAIS,ILLE_ET_VILAINE
35242,RIMOU,ILLE_ET_VILAINE
35243,ROMAGNE,ILLE_ET_VILAINE
35244,ROMAZY,ILLE_ET_VILAINE
35245,ROMILLE,ILLE_ET_VILAINE
35246,ROZ-LANDRIEUX,ILLE_ET_VILAINE
35247,ROZ-SUR-COUESNON,ILLE_ET_VILAINE
35248,SAINS,ILLE_ET_VILAINE
35249,SAINTE-ANNE-SUR-VILAINE,ILLE_ET_VILAINE
35250,SAINT-ARMEL,ILLE_ET_VILAINE
35251,SAINT-AUBIN-D'AUBIGNE,ILLE_ET_VILAINE
35252,SAINT-AUBIN-DES-LANDES,ILLE_ET_VILAINE
35253,SAINT-AUBIN-DU-CORMIER,ILLE_ET_VILAINE
35255,SAINT-BENOIT-DES-ONDES,ILLE_ET_VILAINE
35256,SAINT-BRIAC-SUR-MER,ILLE_ET_VILAINE
35257,MAEN ROCH,ILLE_ET_VILAINE
35258,SAINT-BRIEUC-DES-IFFS,ILLE_ET_VILAINE
35259,SAINT-BROLADRE,ILLE_ET_VILAINE
35260,SAINT-CHRISTOPHE-DES-BOIS,ILLE_ET_VILAINE
35261,SAINT-CHRISTOPHE-DE-VALAINS,ILLE_ET_VILAINE
35262,SAINTE-COLOMBE,ILLE_ET_VILAINE
35263,SAINT-COULOMB,ILLE_ET_VILAINE
35264,SAINT-DIDIER,ILLE_ET_VILAINE
35265,SAINT-DOMINEUC,ILLE_ET_VILAINE
35266,SAINT-ERBLON,ILLE_ET_VILAINE
35268,SAINT-GANTON,ILLE_ET_VILAINE
35270,SAINT-GEORGES-DE-GREHAIGNE,ILLE_ET_VILAINE
35271,SAINT-GEORGES-DE-REINTEMBAULT,ILLE_ET_VILAINE
35272,SAINT-GERMAIN-DU-PINEL,ILLE_ET_VILAINE
35273,SAINT-GERMAIN-EN-COGLES,ILLE_ET_VILAINE
35274,SAINT-GERMAIN-SUR-ILLE,ILLE_ET_VILAINE
35275,SAINT-GILLES,ILLE_ET_VILAINE
35276,SAINT-GONDRAN,ILLE_ET_VILAINE
35277,SAINT-GONLAY,ILLE_ET_VILAINE
35278,SAINT-GREGOIRE,ILLE_ET_VILAINE
35279,SAINT-GUINOUX,ILLE_ET_VILAINE
35280,SAINT-HILAIRE-DES-LANDES,ILLE_ET_VILAINE
35281,SAINT-JACQUES-DE-LA-LANDE,ILLE_ET_VILAINE
35282,RIVES-DU-COUESNON,ILLE_ET_VILAINE
35283,SAINT-JEAN-SUR-VILAINE,ILLE_ET_VILAINE
35284,SAINT-JOUAN-DES-GUERETS,ILLE_ET_VILAINE
35285,SAINT-JUST,ILLE_ET_VILAINE
35286,SAINT-LEGER-DES-PRES,ILLE_ET_VILAINE
35287,SAINT-LUNAIRE,ILLE_ET_VILAINE
35288,SAINT-MALO,ILLE_ET_VILAINE
35289,SAINT-MALO-DE-PHILY,ILLE_ET_VILAINE
35290,SAINT-MALON-SUR-MEL,ILLE_ET_VILAINE
35291,SAINT-MARCAN,ILLE_ET_VILAINE
35292,SAINT-MARC-LE-BLANC,ILLE_ET_VILAINE
35294,SAINTE-MARIE,ILLE_ET_VILAINE
35295,SAINT-MAUGAN,ILLE_ET_VILAINE
35296,SAINT-MEDARD-SUR-ILLE,ILLE_ET_VILAINE
35297,SAINT-MEEN-LE-GRAND,ILLE_ET_VILAINE
35299,SAINT-MELOIR-DES-ONDES,ILLE_ET_VILAINE
35300,SAINT-M'HERVE,ILLE_ET_VILAINE
35302,SAINT-ONEN-LA-CHAPELLE,ILLE_ET_VILAINE
35304,SAINT-OUEN-DES-ALLEUX,ILLE_ET_VILAINE
35305,SAINT-PERAN,ILLE_ET_VILAINE
35306,SAINT-PERE-MARC-EN-POULET,ILLE_ET_VILAINE
35307,SAINT-PERN,ILLE_ET_VILAINE
35308,MESNIL-ROC'H,ILLE_ET_VILAINE
35309,SAINT-REMY-DU-PLAIN,ILLE_ET_VILAINE
35310,SAINT-SAUVEUR-DES-LANDES,ILLE_ET_VILAINE
35311,SAINT-SEGLIN,ILLE_ET_VILAINE
35312,SAINT-SENOUX,ILLE_ET_VILAINE
35314,SAINT-SULIAC,ILLE_ET_VILAINE
35315,SAINT-SULPICE-LA-FORET,ILLE_ET_VILAINE
35316,SAINT-SULPICE-DES-LANDES,ILLE_ET_VILAINE
35317,SAINT-SYMPHORIEN,ILLE_ET_VILAINE
35318,SAINT-THUAL,ILLE_ET_VILAINE
35319,SAINT-THURIAL,ILLE_ET_VILAINE
35320,SAINT-UNIAC,ILLE_ET_VILAINE
35321,SAULNIERES,ILLE_ET_VILAINE
35322,LE SEL-DE-BRETAGNE,ILLE_ET_VILAINE
35324,LA SELLE-EN-LUITRE,ILLE_ET_VILAINE
35325,LA SELLE-GUERCHAISE,ILLE_ET_VILAINE
35326,SENS-DE-BRETAGNE,ILLE_ET_VILAINE
35327,SERVON-SUR-VILAINE,ILLE_ET_VILAINE
35328,SIXT-SUR-AFF,ILLE_ET_VILAINE
35329,SOUGEAL,ILLE_ET_VILAINE
35330,TAILLIS,ILLE_ET_VILAINE
35331,TALENSAC,ILLE_ET_VILAINE
35332,TEILLAY,ILLE_ET_VILAINE
35333,LE THEIL-DE-BRETAGNE,ILLE_ET_VILAINE
35334,THORIGNE-FOUILLARD,ILLE_ET_VILAINE
35335,THOURIE,ILLE_ET_VILAINE
35336,LE TIERCENT,ILLE_ET_VILAINE
35337,TINTENIAC,ILLE_ET_VILAINE
35338,TORCE,ILLE_ET_VILAINE
35339,TRANS-LA-FORET,ILLE_ET_VILAINE
35340,TREFFENDEL,ILLE_ET_VILAINE
35342,TREMEHEUC,ILLE_ET_VILAINE
35343,TRESBŒUF,ILLE_ET_VILAINE
35345,TREVERIEN,ILLE_ET_VILAINE
35346,TRIMER,ILLE_ET_VILAINE
35347,VAL-D'IZE,ILLE_ET_VILAINE
35350,VERGEAL,ILLE_ET_VILAINE
35351,LE VERGER,ILLE_ET_VILAINE
35352,VERN-SUR-SEICHE,ILLE_ET_VILAINE
35353,VEZIN-LE-COQUET,ILLE_ET_VILAINE
35354,VIEUX-VIEL,ILLE_ET_VILAINE
35355,VIEUX-VY-SUR-COUESNON,ILLE_ET_VILAINE
35356,VIGNOC,ILLE_ET_VILAINE
35357,VILLAMEE,ILLE_ET_VILAINE
35358,LA VILLE-ES-NONAIS,ILLE_ET_VILAINE
35359,VISSEICHE,ILLE_ET_VILAINE
35360,VITRE,ILLE_ET_VILAINE
35361,LE VIVIER-SUR-MER,ILLE_ET_VILAINE
35362,LE TRONCHET,ILLE_ET_VILAINE
35363,PONT-PEAN,ILLE_ET_VILAINE
56001,ALLAIRE,MORBIHAN
56002,AMBON,MORBIHAN
56003,ARRADON,MORBIHAN
56004,ARZAL,MORBIHAN
56005,ARZON,MORBIHAN
56006,AUGAN,MORBIHAN
56007,AURAY,MORBIHAN
56008,BADEN,MORBIHAN
56009,BANGOR,MORBIHAN
56010,BAUD,MORBIHAN
56011,BEGANNE,MORBIHAN
56012,BEIGNON,MORBIHAN
56013,BELZ,MORBIHAN
56014,BERNE,MORBIHAN
56015,BERRIC,MORBIHAN
56017,BIGNAN,MORBIHAN
56018,BILLIERS,MORBIHAN
56019,BILLIO,MORBIHAN
56020,BOHAL,MORBIHAN
56021,BRANDERION,MORBIHAN
56022,BRANDIVY,MORBIHAN
56023,BRECH,MORBIHAN
56024,BREHAN,MORBIHAN
56025,BRIGNAC,MORBIHAN
56026,BUBRY,MORBIHAN
56027,BULEON,MORBIHAN
56028,CADEN,MORBIHAN
56029,CALAN,MORBIHAN
56030,CAMOEL,MORBIHAN
56031,CAMORS,MORBIHAN
56032,CAMPENEAC,MORBIHAN
56033,CARENTOIR,MORBIHAN
56034,CARNAC,MORBIHAN
56035,CARO,MORBIHAN
56036,CAUDAN,MORBIHAN
56039,LA CHAPELLE-NEUVE,MORBIHAN
56040,CLEGUER,MORBIHAN
56041,CLEGUEREC,MORBIHAN
56042,COLPO,MORBIHAN
56043,CONCORET,MORBIHAN
56044,COURNON,MORBIHAN
56045,LE COURS,MORBIHAN
56046,CRACH,MORBIHAN
56047,CREDIN,MORBIHAN
56048,LE CROISTY,MORBIHAN
56050,LA CROIX-HELLEAN,MORBIHAN
56051,CRUGUEL,MORBIHAN
56052,DAMGAN,MORBIHAN
56053,ELVEN,MORBIHAN
56054,ERDEVEN,MORBIHAN
56055,ETEL,MORBIHAN
56056,EVRIGUET,MORBIHAN
56057,LE FAOUET,MORBIHAN
56058,FEREL,MORBIHAN
56060,LES FOUGERETS,MORBIHAN
56061,LA GACILLY,MORBIHAN
56062,GAVRES,MORBIHAN
56063,GESTEL,MORBIHAN
56065,GOURHEL,MORBIHAN
56066,GOURIN,MORBIHAN
56067,GRAND-CHAMP,MORBIHAN
56068,LA GREE-SAINT-LAURENT,MORBIHAN
56069,GROIX,MORBIHAN
56070,GUEGON,MORBIHAN
56071,GUEHENNO,MORBIHAN
56072,GUELTAS,MORBIHAN
56073,GUEMENE-SUR-SCORFF,MORBIHAN
56074,GUENIN,MORBIHAN
56075,GUER,MORBIHAN
56076,GUERN,MORBIHAN
56077,LE GUERNO,MORBIHAN
56078,GUIDEL,MORBIHAN
56079,GUILLAC,MORBIHAN
56080,GUILLIERS,MORBIHAN
56081,GUISCRIFF,MORBIHAN
56082,HELLEAN,MORBIHAN
56083,HENNEBONT,MORBIHAN
56084,LE HEZO,MORBIHAN
56085,HŒDIC,MORBIHAN
56086,ILE-D'HOUAT,MORBIHAN
56087,ILE-AUX-MOINES,MORBIHAN
56088,ILE-D'ARZ,MORBIHAN
56089,INGUINIEL,MORBIHAN
56090,INZINZAC-LOCHRIST,MORBIHAN
56091,JOSSELIN,MORBIHAN
56092,KERFOURN,MORBIHAN
56093,KERGRIST,MORBIHAN
56094,KERVIGNAC,MORBIHAN
56096,LANDAUL,MORBIHAN
56097,LANDEVANT,MORBIHAN
56098,LANESTER,MORBIHAN
56099,LANGOELAN,MORBIHAN
56100,LANGONNET,MORBIHAN
56101,LANGUIDIC,MORBIHAN
56102,FORGES DE LANOUEE,MORBIHAN
56103,LANTILLAC,MORBIHAN
56104,LANVAUDAN,MORBIHAN
56105,LANVENEGEN,MORBIHAN
56106,LARMOR-BADEN,MORBIHAN
56107,LARMOR-PLAGE,MORBIHAN
56108,LARRE,MORBIHAN
56109,LAUZACH,MORBIHAN
56110,LIGNOL,MORBIHAN
56111,LIMERZEL,MORBIHAN
56112,LIZIO,MORBIHAN
56113,LOCMALO,MORBIHAN
56114,LOCMARIA,MORBIHAN
56115,LOCMARIA-GRAND-CHAMP,MORBIHAN
56116,LOCMARIAQUER,MORBIHAN
56117,LOCMINE,MORBIHAN
56118,LOCMIQUELIC,MORBIHAN
56119,LOCOAL-MENDON,MORBIHAN
56120,LOCQUELTAS,MORBIHAN
56121,LORIENT,MORBIHAN
56122,LOYAT,MORBIHAN
56123,MALANSAC,MORBIHAN
56124,MALESTROIT,MORBIHAN
56125,MALGUENAC,MORBIHAN
56126,MARZAN,MORBIHAN
56127,MAURON,MORBIHAN
56128,MELRAND,MORBIHAN
56129,MENEAC,MORBIHAN
56130,MERLEVENEZ,MORBIHAN
56131,MESLAN,MORBIHAN
56132,MEUCON,MORBIHAN
56133,MISSIRIAC,MORBIHAN
56134,MOHON,MORBIHAN
56135,MOLAC,MORBIHAN
56136,MONTENEUF,MORBIHAN
56137,MONTERBLANC,MORBIHAN
56139,MONTERTELOT,MORBIHAN
56140,MOREAC,MORBIHAN
56141,MOUSTOIR-AC,MORBIHAN
56143,MUZILLAC,MORBIHAN
56144,EVELLYS,MORBIHAN
56145,NEANT-SUR-YVEL,MORBIHAN
56146,NEULLIAC,MORBIHAN
56147,NIVILLAC,MORBIHAN
56148,NOSTANG,MORBIHAN
56149,NOYAL-MUZILLAC,MORBIHAN
56151,NOYAL-PONTIVY,MORBIHAN
56152,LE PALAIS,MORBIHAN
56153,PEAULE,MORBIHAN
56154,PEILLAC,MORBIHAN
56155,PENESTIN,MORBIHAN
56156,PERSQUEN,MORBIHAN
56157,PLAUDREN,MORBIHAN
56158,PLESCOP,MORBIHAN
56159,PLEUCADEUC,MORBIHAN
56160,PLEUGRIFFET,MORBIHAN
56161,PLOEMEL,MORBIHAN
56162,PLOEMEUR,MORBIHAN
56163,PLOERDUT,MORBIHAN
56164,PLOEREN,MORBIHAN
56165,PLOERMEL,MORBIHAN
56166,PLOUAY,MORBIHAN
56167,PLOUGOUMELEN,MORBIHAN
56168,PLOUHARNEL,MORBIHAN
56169,PLOUHINEC,MORBIHAN
56170,PLOURAY,MORBIHAN
56171,PLUHERLIN,MORBIHAN
56172,PLUMELEC,MORBIHAN
56173,PLUMELIAU-BIEUZY,MORBIHAN
56174,PLUMELIN,MORBIHAN
56175,PLUMERGAT,MORBIHAN
56176,PLUNERET,MORBIHAN
56177,PLUVIGNER,MORBIHAN
56178,PONTIVY,MORBIHAN
56179,PONT-SCORFF,MORBIHAN
56180,PORCARO,MORBIHAN
56181,PORT-LOUIS,MORBIHAN
56182,PRIZIAC,MORBIHAN
56184,QUESTEMBERT,MORBIHAN
56185,QUEVEN,MORBIHAN
56186,QUIBERON,MORBIHAN
56188,QUISTINIC,MORBIHAN
56189,RADENAC,MORBIHAN
56190,REGUINY,MORBIHAN
56191,REMINIAC,MORBIHAN
56193,RIANTEC,MORBIHAN
56194,RIEUX,MORBIHAN
56195,LA ROCHE-BERNARD,MORBIHAN
56196,ROCHEFORT-EN-TERRE,MORBIHAN
56197,VAL D'OUST,MORBIHAN
56198,ROHAN,MORBIHAN
56199,ROUDOUALLEC,MORBIHAN
56200,RUFFIAC,MORBIHAN
56201,LE SAINT,MORBIHAN
56202,SAINT-ABRAHAM,MORBIHAN
56203,SAINT-AIGNAN,MORBIHAN
56204,SAINT-ALLOUESTRE,MORBIHAN
56205,SAINT-ARMEL,MORBIHAN
56206,SAINT-AVE,MORBIHAN
56207,SAINT-BARTHELEMY,MORBIHAN
56208,SAINT-BRIEUC-DE-MAURON,MORBIHAN
56209,SAINTE-BRIGITTE,MORBIHAN
56210,SAINT-CARADEC-TREGOMEL,MORBIHAN
56211,SAINT-CONGARD,MORBIHAN
56212,SAINT-DOLAY,MORBIHAN
56213,SAINT-GERAND-CROIXANVEC,MORBIHAN
56214,SAINT-GILDAS-DE-RHUYS,MORBIHAN
56215,SAINT-GONNERY,MORBIHAN
56216,SAINT-GORGON,MORBIHAN
56218,SAINT-GRAVE,MORBIHAN
56219,SAINT-GUYOMARD,MORBIHAN
56220,SAINTE-HELENE,MORBIHAN
56221,SAINT-JACUT-LES-PINS,MORBIHAN
56222,SAINT-JEAN-BREVELAY,MORBIHAN
56223,SAINT-JEAN-LA-POTERIE,MORBIHAN
56224,SAINT-LAURENT-SUR-OUST,MORBIHAN
56225,SAINT-LERY,MORBIHAN
56226,SAINT-MALO-DE-BEIGNON,MORBIHAN
56227,SAINT-MALO-DES-TROIS-FONTAINES,MORBIHAN
56228,SAINT-MARCEL,MORBIHAN
56229,SAINT-MARTIN-SUR-OUST,MORBIHAN
56230,SAINT-NICOLAS-DU-TERTRE,MORBIHAN
56231,SAINT-NOLFF,MORBIHAN
56232,SAINT-PERREUX,MORBIHAN
56233,SAINT-PHILIBERT,MORBIHAN
56234,SAINT-PIERRE-QUIBERON,MORBIHAN
56236,SAINT-SERVANT,MORBIHAN
56237,SAINT-THURIAU,MORBIHAN
56238,SAINT-TUGDUAL,MORBIHAN
56239,SAINT-VINCENT-SUR-OUST,MORBIHAN
56240,SARZEAU,MORBIHAN
56241,SAUZON,MORBIHAN
56242,SEGLIEN,MORBIHAN
56243,SENE,MORBIHAN
56244,SERENT,MORBIHAN
56245,SILFIAC,MORBIHAN
56246,LE SOURN,MORBIHAN
56247,SULNIAC,MORBIHAN
56248,SURZUR,MORBIHAN
56249,TAUPONT,MORBIHAN
56250,THEHILLAC,MORBIHAN
56251,THEIX-NOYALO,MORBIHAN
56252,LE TOUR-DU-PARC,MORBIHAN
56253,TREAL,MORBIHAN
56254,TREDION,MORBIHAN
56255,TREFFLEAN,MORBIHAN
56256,TREHORENTEUC,MORBIHAN
56257,LA TRINITE-PORHOET,MORBIHAN
56258,LA TRINITE-SUR-MER,MORBIHAN
56259,LA TRINITE-SURZUR,MORBIHAN
56260,VANNES,MORBIHAN
56261,LA VRAIE-CROIX,MORBIHAN
56262,LE BONO,MORBIHAN
56263,SAINTE-ANNE-D'AURAY,MORBIHAN
56264,KERNASCLEDEN,MORBIHAN
